,Unnamed: 0,blockNumber,txHash,txTimestamp,gasPriceGwei,fee,submitter,payeeAddress,oracleName,amount,txDate
4,4,12064883,0x2bac70573d33571bc8b82c62fbcc9d1f9d6c70532f06490f28deb05635b9d22f,1616099689,173.0,1.923066962,0xbf6f297d433d2ace4de4ecf9e5e174de7135b705,0xfdc770353dc0bfce80a17ab8a6a2e7d80590f1ba,easy_2_stake,7.43660211,2021-03-18 20:34:49+00:00
21,21,12109536,0x63d410f648f43932ce9f7f6961b78caed4191049915590871c6c6d90cdddcc4b,1616694577,210.0,2.38013895,0xbf6f297d433d2ace4de4ecf9e5e174de7135b705,0xfdc770353dc0bfce80a17ab8a6a2e7d80590f1ba,easy_2_stake,9.7877988255,2021-03-25 17:49:37+00:00
38,38,12154408,0x02e5960d79f0520848588b8f33cf5a1a4ca9339f7b78e960191aad465822d273,1617290842,240.0,2.69543592,0xbf6f297d433d2ace4de4ecf9e5e174de7135b705,0xfdc770353dc0bfce80a17ab8a6a2e7d80590f1ba,easy_2_stake,14.733128706804,2021-04-01 15:27:22+00:00
54,54,12200098,0x94cec1d645720731ff41b776e75c46148c79a14f79bcd0b46d88a981967a816b,1617897171,180.0,1.9542492,0xbf6f297d433d2ace4de4ecf9e5e174de7135b705,0xfdc770353dc0bfce80a17ab8a6a2e7d80590f1ba,easy_2_stake,17.534247779121,2021-04-08 15:52:51+00:00
77,77,12226697,0x1bfdebc5a0548f460d8e11153e7b3697637471a5ef2f59be8b210693b7f9b2ba,1618250259,120.0,0.13118412,0x4eaafcbd16db53725774f6d97ec0d40b1a216519,0xfdc770353dc0bfce80a17ab8a6a2e7d80590f1ba,easy_2_stake,4.927188845673,2021-04-12 17:57:39+00:00
87,87,12246095,0xade301cfca49036343330475541883f189f87a5c9ef7d68b0d7b1acb34c85d90,1618508647,100.0,0.9187895,0xbf6f297d433d2ace4de4ecf9e5e174de7135b705,0xfdc770353dc0bfce80a17ab8a6a2e7d80590f1ba,easy_2_stake,18.867505521017,2021-04-15 17:44:07+00:00
105,105,12290373,0xcde2504338272e0d418cecfe2b86267c277d45537c90587ecac2a4e13e31d29e,1619099270,230.0,2.11192509,0xbf6f297d433d2ace4de4ecf9e5e174de7135b705,0xfdc770353dc0bfce80a17ab8a6a2e7d80590f1ba,easy_2_stake,17.41800767325,2021-04-22 13:47:50+00:00
121,121,12335272,0x668dadcdd3857691ba5335d19298d9648e7a8f03efbca8a8913e36bdf97aadb1,1619698243,75.0,0.67493115,0xbf6f297d433d2ace4de4ecf9e5e174de7135b705,0xfdc770353dc0bfce80a17ab8a6a2e7d80590f1ba,easy_2_stake,2.94393889161,2021-04-29 12:10:43+00:00
144,144,12375457,0x45247c72411fdec213e21a15c8d0bd8e01702070addc7bb53c8a82c3fc946518,1620234242,104.0,0.675630904,0x326377a6b92ec69acbbfe2de1eb1d7c9008e4c89,0xfdc770353dc0bfce80a17ab8a6a2e7d80590f1ba,easy_2_stake,3.113697473538,2021-05-05 17:04:02+00:00
153,153,12380815,0x16b761000e6d882992c77c3fb886b178a6d1c0551e55b8fd34aca0d99c1b575b,1620305129,70.0,0.60006296,0xbf6f297d433d2ace4de4ecf9e5e174de7135b705,0xfdc770353dc0bfce80a17ab8a6a2e7d80590f1ba,easy_2_stake,3.375839206582,2021-05-06 12:45:29+00:00
170,170,12420765,0xbebab36e887b375096328b41216e37eb18d6f50bd133125a204ed7ddb5d448c0,1620838731,470.0,4.30327065,0xbf6f297d433d2ace4de4ecf9e5e174de7135b705,0xfdc770353dc0bfce80a17ab8a6a2e7d80590f1ba,easy_2_stake,15.846336796,2021-05-12 16:58:51+00:00
187,187,12466409,0x728a3075d88f330694ef8a65f92037d46a1b611c681a5be2715e2a332dbb6aa3,1621448572,400.0,3.5909976,0xbf6f297d433d2ace4de4ecf9e5e174de7135b705,0xfdc770353dc0bfce80a17ab8a6a2e7d80590f1ba,easy_2_stake,25.903439920052,2021-05-19 18:22:52+00:00
205,205,12510410,0x10d41bb087a64e6416705ee02dcd258192ffd9e698100eb316ebb280a44dcea3,1622038472,70.0,0.61189079,0xbf6f297d433d2ace4de4ecf9e5e174de7135b705,0xfdc770353dc0bfce80a17ab8a6a2e7d80590f1ba,easy_2_stake,22.314585091536,2021-05-26 14:14:32+00:00
221,221,12555717,0x7be7e8904933cdaf0a4f115bae6c308b7cce2353a8e2af32752fc336d5d570b2,1622645461,60.0,0.52531854,0xbf6f297d433d2ace4de4ecf9e5e174de7135b705,0xfdc770353dc0bfce80a17ab8a6a2e7d80590f1ba,easy_2_stake,14.159840757275,2021-06-02 14:51:01+00:00
238,238,12608445,0xd91d0feadb777b93fa76ddf0822555ebbcb8640b9ddc24b057fc9381776e0ac6,1623350219,40.0,0.35043636,0xbf6f297d433d2ace4de4ecf9e5e174de7135b705,0xfdc770353dc0bfce80a17ab8a6a2e7d80590f1ba,easy_2_stake,7.354342444172,2021-06-10 18:36:59+00:00
254,254,12647904,0xc909f8959fb6d0c06a1eb1b4837a0fea7083afb72d735567b8dacc08055ef55e,1623878780,50.0,0.43510545,0xbf6f297d433d2ace4de4ecf9e5e174de7135b705,0xfdc770353dc0bfce80a17ab8a6a2e7d80590f1ba,easy_2_stake,10.211526210474,2021-06-16 21:26:20+00:00
271,271,12697167,0xf98d36d6a52deaafacfd42c10b07fe36336c3f2cbd558ad85687c1149c21cea8,1624542262,35.0,0.30653546,0xf9c551bdd05e87384af94796b836784860118496,0xfdc770353dc0bfce80a17ab8a6a2e7d80590f1ba,easy_2_stake,11.678012123601,2021-06-24 13:44:22+00:00
288,288,12743072,0x732d057082590db9e7ab82c8a93b36a41b8a7a5bc05511234f32a083982edb78,1625159644,50.0,0.687974,0xf9c551bdd05e87384af94796b836784860118496,0xfdc770353dc0bfce80a17ab8a6a2e7d80590f1ba,easy_2_stake,2.916219198261,2021-07-01 17:14:04+00:00
305,305,12788294,0xd77b281aa69157bceb9c8331c61137f1aef06179fec363c58484b1896a95ecd5,1625768385,60.0,0.82321326,0xf9c551bdd05e87384af94796b836784860118496,0xfdc770353dc0bfce80a17ab8a6a2e7d80590f1ba,easy_2_stake,11.376355214462,2021-07-08 18:19:45+00:00
321,321,12834059,0x580608765533af6601096a9878200cc6f696591ab964d007d0119d06ac7682ab,1626385880,60.0,0.81884808,0xf9c551bdd05e87384af94796b836784860118496,0xfdc770353dc0bfce80a17ab8a6a2e7d80590f1ba,easy_2_stake,1.4693195918,2021-07-15 21:51:20+00:00
338,338,12884864,0x87e09b22496c4a2538b256f24cde3d8597b3513133b2cf25cf505a0063359ee3,1627073510,50.0,0.6961434,0xf9c551bdd05e87384af94796b836784860118496,0xfdc770353dc0bfce80a17ab8a6a2e7d80590f1ba,easy_2_stake,3.161592316,2021-07-23 20:51:50+00:00
355,355,12922820,0xcff3e71891728ca0f4b55faee4aae3c4a20d875a0554e8d00a242195c849e191,1627590633,50.0,0.68354615,0xf9c551bdd05e87384af94796b836784860118496,0xfdc770353dc0bfce80a17ab8a6a2e7d80590f1ba,easy_2_stake,6.414990208397,2021-07-29 20:30:33+00:00
372,372,12967040,0x42d0421ca9a076b3471d22b12d727f88545a993dd674914e14fa10ba7e6d5715,1628194430,71.72860935,0.988755926734758,0xf9c551bdd05e87384af94796b836784860118496,0xfdc770353dc0bfce80a17ab8a6a2e7d80590f1ba,easy_2_stake,7.3820829672,2021-08-05 20:13:50+00:00
388,388,13012090,0x86e6ba42002b95665f80378ada482a0106e3634ddeaa1f555b5ffcc6a3d93958,1628794334,51.144717619,0.8877161018982316,0xf9c551bdd05e87384af94796b836784860118496,0xfdc770353dc0bfce80a17ab8a6a2e7d80590f1ba,easy_2_stake,14.450538638811,2021-08-12 18:52:14+00:00
405,405,13064006,0x86e398c41d13825cda49b7abe9f791eecda3d4bed000a88dea3c96ac75aafb37,1629487790,57.1,0.9939900051,0xf9c551bdd05e87384af94796b836784860118496,0xfdc770353dc0bfce80a17ab8a6a2e7d80590f1ba,easy_2_stake,5.551447695596,2021-08-20 19:29:50+00:00
422,422,13102561,0xc64edcaeb40a50f31f9317ff4317a410ba78ac45ea9e3e14fb9b8d7df0591abd,1630001402,134.0,2.309668086,0xf9c551bdd05e87384af94796b836784860118496,0xfdc770353dc0bfce80a17ab8a6a2e7d80590f1ba,easy_2_stake,2.76384474828,2021-08-26 18:10:02+00:00
438,438,13148589,0xe8f338de4c32f40cbef848b6917c3479829192a2396275b73fae4da337aa192e,1630616358,112.0,1.57944752,0xf9c551bdd05e87384af94796b836784860118496,0xfdc770353dc0bfce80a17ab8a6a2e7d80590f1ba,easy_2_stake,14.432891625,2021-09-02 20:59:18+00:00
455,455,13192384,0x64728e862880a5427f7d8fa7e7c510a793ce99d9237b967861cf3935db038aad,1631202360,207.0,3.298809132,0xbf6f297d433d2ace4de4ecf9e5e174de7135b705,0xfdc770353dc0bfce80a17ab8a6a2e7d80590f1ba,easy_2_stake,51.281095625,2021-09-09 15:46:00+00:00
472,472,13230040,0x9f6affc87dda1f5b77efdedb0c647bd7a435ccba9cd5f096028ca489bea01851,1631705310,72.0,1.234764648,0xbf6f297d433d2ace4de4ecf9e5e174de7135b705,0xfdc770353dc0bfce80a17ab8a6a2e7d80590f1ba,easy_2_stake,14.2291587018,2021-09-15 11:28:30+00:00
489,489,13282384,0x9a83225bd6dbd9a6a31e30f1c2a4f9ffcedae6c537e9f68d0e4f821471221a63,1632405260,74.602333642,1.2919195716469754,0xbf6f297d433d2ace4de4ecf9e5e174de7135b705,0xfdc770353dc0bfce80a17ab8a6a2e7d80590f1ba,easy_2_stake,15.868667713,2021-09-23 13:54:20+00:00
505,505,13327187,0xeae427e425f3e28dce649feac011c9134b8458c2fbbe3e058a22d3ef47813d0a,1633006494,150.0,2.59550955,0xf9c551bdd05e87384af94796b836784860118496,0xfdc770353dc0bfce80a17ab8a6a2e7d80590f1ba,easy_2_stake,8.8951950066,2021-09-30 12:54:54+00:00
521,521,13371596,0x231661b4b8e1a6dc1248c9231718ecd8dda6ed3603912a4bb7e20d56117f5b0f,1633606728,130.0,2.23558439,0xbf6f297d433d2ace4de4ecf9e5e174de7135b705,0xfdc770353dc0bfce80a17ab8a6a2e7d80590f1ba,easy_2_stake,16.8544681365,2021-10-07 11:38:48+00:00
537,537,13416196,0x548be302b75edaac795be095b051e4414b7c26621a9656a51bed20bc830c5eaf,1634212912,130.0,2.24212417,0xbf6f297d433d2ace4de4ecf9e5e174de7135b705,0xfdc770353dc0bfce80a17ab8a6a2e7d80590f1ba,easy_2_stake,42.28456222,2021-10-14 12:01:52+00:00
554,554,13460700,0x41d4783af33d3c5151a5107ec27d415553295819f6898d0c4dca450c8597cab8,1634815366,150.0,2.58791145,0xbf6f297d433d2ace4de4ecf9e5e174de7135b705,0xfdc770353dc0bfce80a17ab8a6a2e7d80590f1ba,easy_2_stake,22.3304670504,2021-10-21 11:22:46+00:00
570,570,13506512,0xb9284863c7b6df384ecd7b3fb4277b7c0108a5948933091230d84ed63543a543,1635434557,319.82399992,5.556905218850009,0xbf6f297d433d2ace4de4ecf9e5e174de7135b705,0xfdc770353dc0bfce80a17ab8a6a2e7d80590f1ba,easy_2_stake,37.5241661816,2021-10-28 15:22:37+00:00
587,587,13550390,0x79ad16d1457fc66e0f02649f789768f563951a3a61726e9bdeb22be918a3addc,1636031453,170.366496163,2.879093268921964,0xbf6f297d433d2ace4de4ecf9e5e174de7135b705,0xfdc770353dc0bfce80a17ab8a6a2e7d80590f1ba,easy_2_stake,17.4638772366,2021-11-04 13:10:53+00:00
604,604,13595520,0x287a2c189cc27447213de31d823952e3f54feb93d4aec61862f34383aa45b4b7,1636641783,158.749785372,2.7484475753784805,0xbf6f297d433d2ace4de4ecf9e5e174de7135b705,0xfdc770353dc0bfce80a17ab8a6a2e7d80590f1ba,easy_2_stake,30.4589509587,2021-11-11 14:43:03+00:00
620,620,13633059,0x99abcecbb9a3505a7ee85ea570d74b3514c7484e20e60aa4677b87277842aca0,1637154197,172.282445658,2.9595169520101363,0xbf6f297d433d2ace4de4ecf9e5e174de7135b705,0xfdc770353dc0bfce80a17ab8a6a2e7d80590f1ba,easy_2_stake,5.5875286742,2021-11-17 13:03:17+00:00
637,637,13683525,0x9ccdaba2cc93ef2af1baf3a8ec83d916a44e1d933cbccfbc1e95981ede91703a,1637844061,118.051469759,2.0730071831590524,0xbf6f297d433d2ace4de4ecf9e5e174de7135b705,0xfdc770353dc0bfce80a17ab8a6a2e7d80590f1ba,easy_2_stake,27.94257125,2021-11-25 12:41:01+00:00
655,655,13727269,0x24aa39581629ff04bf02d3fe3062ae1edf6b5c2b5e71a2791e4504d1a370eb74,1638446991,123.980877921,2.1689494980283843,0xbf6f297d433d2ace4de4ecf9e5e174de7135b705,0xfdc770353dc0bfce80a17ab8a6a2e7d80590f1ba,easy_2_stake,17.2896214054,2021-12-02 12:09:51+00:00
672,672,13758498,0xeaa67eb2effb0c03a988d46cd4959d7fb47f17c25f78ce9af83d93e4d2c3185d,1638879820,127.0,2.221136147,0xbf6f297d433d2ace4de4ecf9e5e174de7135b705,0xfdc770353dc0bfce80a17ab8a6a2e7d80590f1ba,easy_2_stake,48.4668001238,2021-12-07 12:23:40+00:00
688,688,13816230,0xe842b82f0f72c99d24ec2e034ab5bbb959d64afb8abae8d1dbe218d6379264e1,1639658221,95.0,1.673493495,0xf9c551bdd05e87384af94796b836784860118496,0xfdc770353dc0bfce80a17ab8a6a2e7d80590f1ba,easy_2_stake,43.7395831886,2021-12-16 12:37:01+00:00
704,704,13867729,0x78cb0a62fa5f221fba49502cc82c7aedac2d72cdf8e65d5eaaece0fac7f321a2,1640346822,89.853019664,1.5754905741482672,0xbf6f297d433d2ace4de4ecf9e5e174de7135b705,0xfdc770353dc0bfce80a17ab8a6a2e7d80590f1ba,easy_2_stake,37.2181501398,2021-12-24 11:53:42+00:00
721,721,13951738,0x0d7f2de33df6540a341595104516806d427b3b58333774dceda3e65094b6242c,1641470728,130.0,2.28780929,0xbf6f297d433d2ace4de4ecf9e5e174de7135b705,0xfdc770353dc0bfce80a17ab8a6a2e7d80590f1ba,easy_2_stake,69.7472617052,2022-01-06 12:05:28+00:00
740,740,13997267,0x91ca8b2c0e0644731b7c9225a0f2043193e0dec0156c6381f7af61ccc05e335c,1642078636,193.289103428,3.355304000093825,0xbf6f297d433d2ace4de4ecf9e5e174de7135b705,0xfdc770353dc0bfce80a17ab8a6a2e7d80590f1ba,easy_2_stake,73.563143678,2022-01-13 12:57:16+00:00
758,758,14042715,0x44d179080e9f783e66ea3ca6147e5ad6ae6f6e1f468422e0030c96907f131fef,1642685727,115.0,1.969231825,0xf4729a2f6c167aa4e28df41d8f8bbaee91cdd174,0xfdc770353dc0bfce80a17ab8a6a2e7d80590f1ba,easy_2_stake,15.5827143592,2022-01-20 13:35:27+00:00
774,774,14094526,0xd1a3fe086cd301cb0281a8f05980797f0cf2b09be70802608be628931ea9faff,1643377903,151.311683147,2.652489871463148,0xf4729a2f6c167aa4e28df41d8f8bbaee91cdd174,0xfdc770353dc0bfce80a17ab8a6a2e7d80590f1ba,easy_2_stake,53.6276254908,2022-01-28 13:51:43+00:00
791,791,14139850,0xcebfb717fcb7964365f00e51ba6b83772b300df2fd4a8374abd6708afcbaae42,1643982233,120.192381642,2.0692590856345414,0xf4729a2f6c167aa4e28df41d8f8bbaee91cdd174,0xfdc770353dc0bfce80a17ab8a6a2e7d80590f1ba,easy_2_stake,31.482915288,2022-02-04 13:43:53+00:00
807,807,14179966,0xf366ed0af402ac0c6557dffc677e0a67fc496eeb99acc8cce02d7ed0de3560dc,1644518252,175.052450642,3.0196241393956376,0xf4729a2f6c167aa4e28df41d8f8bbaee91cdd174,0xfdc770353dc0bfce80a17ab8a6a2e7d80590f1ba,easy_2_stake,20.8632849456,2022-02-10 18:37:32+00:00
823,823,14218507,0x6b9435a8a91dd3b1864591969113a7086054b9b1653a784105e6fed03960218e,1645032712,130.276475127,2.23111816993688,0xf4729a2f6c167aa4e28df41d8f8bbaee91cdd174,0xfdc770353dc0bfce80a17ab8a6a2e7d80590f1ba,easy_2_stake,22.138942724,2022-02-16 17:31:52+00:00
839,839,14262839,0x0529216f3b917312ca55dd8233f4f1afb8d6afc3bd9167ed5086e95f5dd9f22c,1645626059,116.514798454,2.008485008620013,0xf4729a2f6c167aa4e28df41d8f8bbaee91cdd174,0xfdc770353dc0bfce80a17ab8a6a2e7d80590f1ba,easy_2_stake,26.051313093,2022-02-23 14:20:59+00:00
855,855,14308762,0xe2eb1fbb947c28a95e935d6a6b8c94128bda1a6a017a7cb1dd7f66a05a41a48a,1646239702,87.53002796,1.5193319579351223,0xf4729a2f6c167aa4e28df41d8f8bbaee91cdd174,0xfdc770353dc0bfce80a17ab8a6a2e7d80590f1ba,easy_2_stake,11.376996713,2022-03-02 16:48:22+00:00
871,871,14354723,0x12e59622740450d3de9656d08fbac86fbd2479f6dc891bac1e21569167d8de43,1646857770,66.176227621,1.142561488888035,0xf4729a2f6c167aa4e28df41d8f8bbaee91cdd174,0xfdc770353dc0bfce80a17ab8a6a2e7d80590f1ba,easy_2_stake,12.682901618,2022-03-09 20:29:30+00:00
887,887,14398261,0x16c0afca5894192f3ad8523d82066e5c38cf8731fb999355e6b63f74cfc3d650,1647442236,59.134402322,1.015054848022434,0xf4729a2f6c167aa4e28df41d8f8bbaee91cdd174,0xfdc770353dc0bfce80a17ab8a6a2e7d80590f1ba,easy_2_stake,15.79656675,2022-03-16 14:50:36+00:00
903,903,14444118,0x8629b43fc21e17fce1f04e43de3b854d14e1ecfd48c0ec7371c26807e93d576c,1648059513,52.246650744,0.8991783911867827,0xf4729a2f6c167aa4e28df41d8f8bbaee91cdd174,0xfdc770353dc0bfce80a17ab8a6a2e7d80590f1ba,easy_2_stake,19.96080456,2022-03-23 18:18:33+00:00
919,919,14488997,0x185886f8bf84ff619811ea66a01f6a903002c0d2b7e8c64c735d98ff1cf7c807,1648662838,122.404414002,2.1133928722533573,0xf4729a2f6c167aa4e28df41d8f8bbaee91cdd174,0xfdc770353dc0bfce80a17ab8a6a2e7d80590f1ba,easy_2_stake,8.69256716,2022-03-30 17:53:58+00:00
936,936,14533233,0xfacaa0a1958aff05f25025498a579d4ccf08c760eb0e36a366e2cbcc81c2d89b,1649260538,78.164081804,1.3528197651574128,0xf4729a2f6c167aa4e28df41d8f8bbaee91cdd174,0xfdc770353dc0bfce80a17ab8a6a2e7d80590f1ba,easy_2_stake,5.863168456,2022-04-06 15:55:38+00:00
952,952,14577462,0xfcfbeaffd392bd2250e3ba432e7af30916f228debd7bfb7f845415e702a6e4e8,1649857731,124.75921818,2.1494809365958565,0xf4729a2f6c167aa4e28df41d8f8bbaee91cdd174,0xfdc770353dc0bfce80a17ab8a6a2e7d80590f1ba,easy_2_stake,11.59811896,2022-04-13 13:48:51+00:00
968,968,14616031,0xbc79accb366e859a775dd8251746639bad7160d1a4598fc0384be4bc080d5e16,1650378539,71.237320171,1.2171055010439331,0xf4729a2f6c167aa4e28df41d8f8bbaee91cdd174,0xfdc770353dc0bfce80a17ab8a6a2e7d80590f1ba,easy_2_stake,2.329602,2022-04-19 14:28:59+00:00
984,984,14660976,0x9550a8597581d0c0338624faf1bab6bdef6021feaec83b6d49fd0bf7da76654d,1650987746,101.33,1.74338619655,0xf4729a2f6c167aa4e28df41d8f8bbaee91cdd174,0xfdc770353dc0bfce80a17ab8a6a2e7d80590f1ba,easy_2_stake,5.516681991,2022-04-26 15:42:26+00:00
1000,1000,14711477,0xd4721fa239df803d2e5bae5a7e30390ab5b5499ef2c6d41e513a6b2eb528f896,1651674297,60.69821378,1.0535281529956209,0xf4729a2f6c167aa4e28df41d8f8bbaee91cdd174,0xfdc770353dc0bfce80a17ab8a6a2e7d80590f1ba,easy_2_stake,5.828073916,2022-05-04 14:24:57+00:00
1016,1016,14761737,0x52f2cfa23131058c08d11032d4f8946e23f0b7c406100afce9765560979993b6,1652367729,404.0,3.144382096,0xf4729a2f6c167aa4e28df41d8f8bbaee91cdd174,0xfdc770353dc0bfce80a17ab8a6a2e7d80590f1ba,easy_2_stake,30.78931314,2022-05-12 15:02:09+00:00
1032,1032,14800068,0x6f176216707867c325f8539966a6304c3dec4bab0a9c7d08d23e237b8afb25bc,1652894141,77.592280227,1.3535137616742106,0xf9c551bdd05e87384af94796b836784860118496,0xfdc770353dc0bfce80a17ab8a6a2e7d80590f1ba,easy_2_stake,7.93751246,2022-05-18 17:15:41+00:00
1048,1048,14842092,0xf16250340efd2bae067c7ee7839009530ead9ead847ab5c20f55cee8ecad7e10,1653484976,58.489375942,1.0146964462090575,0xf4729a2f6c167aa4e28df41d8f8bbaee91cdd174,0xfdc770353dc0bfce80a17ab8a6a2e7d80590f1ba,easy_2_stake,13.246511442,2022-05-25 13:22:56+00:00
1064,1064,14885994,0x2d236240720d77a7ea5eda7fc6b57e95126e87bfc18726b924823eae01be9368,1654103339,171.378824029,2.976505530568608,0xf4729a2f6c167aa4e28df41d8f8bbaee91cdd174,0xfdc770353dc0bfce80a17ab8a6a2e7d80590f1ba,easy_2_stake,14.859363955,2022-06-01 17:08:59+00:00
1080,1080,14928982,0x07ec22d31768dde2ba4f729cacaa883ea6b3d1918045360fd744dc1e4f197a48,1654724197,156.621966982,2.710118386100891,0xf9c551bdd05e87384af94796b836784860118496,0xfdc770353dc0bfce80a17ab8a6a2e7d80590f1ba,easy_2_stake,22.816743989,2022-06-08 21:36:37+00:00
1096,1096,14968243,0x7baab069d3414fdb0967e97c0ec76a2d492ad5cb14f5608629ff644f0e5d4ea1,1655307195,123.88,2.16348404964,0x708fb8e21474672ed867489a769b35132212116a,0xfdc770353dc0bfce80a17ab8a6a2e7d80590f1ba,easy_2_stake,58.499247864,2022-06-15 15:33:15+00:00
1112,1112,15014240,0x2373f8ee1b17c2b57bc3b55151d51e6192c047e76d0c5872798df4cbb47cd7d1,1656008591,301.887656917,5.316005260273004,0xf9c551bdd05e87384af94796b836784860118496,0xfdc770353dc0bfce80a17ab8a6a2e7d80590f1ba,easy_2_stake,33.065799399,2022-06-23 18:23:11+00:00
1129,1129,15058032,0x319032852330dd360ef49eed5d97813a5bcd296cb2024d7578f0bd21a1066f87,1656697823,63.640058522,1.1170304810766956,0x723b030ea11dc3bf01f4cc3ee10a8a1c54d35776,0xfdc770353dc0bfce80a17ab8a6a2e7d80590f1ba,easy_2_stake,12.273820404,2022-07-01 17:50:23+00:00
1145,1145,15082704,0xd7008b3b77b8c4871ae123f88d8afcf64e6d22e865be632c6ee69bf60d61be4d,1657026554,66.976179772,1.1407461300897372,0x723b030ea11dc3bf01f4cc3ee10a8a1c54d35776,0xfdc770353dc0bfce80a17ab8a6a2e7d80590f1ba,easy_2_stake,3.146978283,2022-07-05 13:09:14+00:00
1161,1161,15128978,0x2140673728457fcb83182260ef3f600381b2dccae469c4414ec2c4591d0c1903,1657643924,44.23,0.76841349567,0x723b030ea11dc3bf01f4cc3ee10a8a1c54d35776,0xfdc770353dc0bfce80a17ab8a6a2e7d80590f1ba,easy_2_stake,9.124479631,2022-07-12 16:38:44+00:00
1177,1177,15141252,0x5ccfe93e6fd1ad1f1135404b5d1851e764e35db6311108175536bf23a4a1b9be,1657808183,56.0,0.932440824,0x723b030ea11dc3bf01f4cc3ee10a8a1c54d35776,0xfdc770353dc0bfce80a17ab8a6a2e7d80590f1ba,easy_2_stake,2.380693214,2022-07-14 14:16:23+00:00
1193,1193,15218673,0x66076632abfce3bf9b6aef652253c09811d2d120d99ac482b76e5054859e3f81,1658846256,49.325915566,0.8695137374574428,0xf9c551bdd05e87384af94796b836784860118496,0xfdc770353dc0bfce80a17ab8a6a2e7d80590f1ba,easy_2_stake,21.328166671,2022-07-26 14:37:36+00:00
1209,1209,15263060,0x376ba870869fc1279dd35d97fff64606e2b32dbc3cbfab2de67f3bc12d3c88c0,1659442623,30.466340934,0.5335068507136237,0x723b030ea11dc3bf01f4cc3ee10a8a1c54d35776,0xfdc770353dc0bfce80a17ab8a6a2e7d80590f1ba,easy_2_stake,17.526483736,2022-08-02 12:17:03+00:00
1225,1225,15307819,0x7971296face55a19760c973f1f0ba4872add4cca21effa6eeb80fc37177aa265,1660045775,32.522939895,0.5659362628474202,0x723b030ea11dc3bf01f4cc3ee10a8a1c54d35776,0xfdc770353dc0bfce80a17ab8a6a2e7d80590f1ba,easy_2_stake,8.866988149,2022-08-09 11:49:35+00:00
1241,1241,15360800,0xbf4afe160bfd8cb493bd35c6527f2f404755ac98359bc5fb4c42e2948eb1cd65,1660767605,34.394469412,0.5994514737469044,0x723b030ea11dc3bf01f4cc3ee10a8a1c54d35776,0xfdc770353dc0bfce80a17ab8a6a2e7d80590f1ba,easy_2_stake,18.553198219,2022-08-17 20:20:05+00:00
1258,1258,15396258,0xe09eff2da678f475d581418248e20eee706c429695aa7249f638a0d8b39c9d9c,1661253926,27.899732988,0.4841318743574482,0x723b030ea11dc3bf01f4cc3ee10a8a1c54d35776,0xfdc770353dc0bfce80a17ab8a6a2e7d80590f1ba,easy_2_stake,5.452399772,2022-08-23 11:25:26+00:00
1274,1274,15446397,0xb39aab1f30dee5678e825265544a2641d1e6a8a84890dfc1e6c19f610ad45d87,1661945450,34.0,0.59323404,0x723b030ea11dc3bf01f4cc3ee10a8a1c54d35776,0xfdc770353dc0bfce80a17ab8a6a2e7d80590f1ba,easy_2_stake,5.484067864,2022-08-31 11:30:50+00:00
1290,1290,15491799,0x00955c0c13d82522dbf9eecdb4ff912d44173d055df3d645b03bd4267618e134,1662574026,50.0,0.867363,0x723b030ea11dc3bf01f4cc3ee10a8a1c54d35776,0xfdc770353dc0bfce80a17ab8a6a2e7d80590f1ba,easy_2_stake,5.930468599,2022-09-07 18:07:06+00:00
1307,1307,15574396,0x6e59f3b98348cecc4b700748734335628d840b700163ce0bcc9109bf18b43cd3,1663673303,17.91816066,0.3163999560239196,0x723b030ea11dc3bf01f4cc3ee10a8a1c54d35776,0xfdc770353dc0bfce80a17ab8a6a2e7d80590f1ba,easy_2_stake,19.1597188982,2022-09-20 11:28:23+00:00
1323,1323,15625597,0xeff4a070850cf57345782b22a6034918521fd85e0a14270ff8e9fede8815eb22,1664292659,47.25,0.822162285,0xf4729a2f6c167aa4e28df41d8f8bbaee91cdd174,0xfdc770353dc0bfce80a17ab8a6a2e7d80590f1ba,easy_2_stake,10.174944963,2022-09-27 15:30:59+00:00
1339,1339,15674428,0x6092677ed022202447803ce98ef557d2cfada75f26be992e22eb6530e49d2ae9,1664882339,19.55999657,0.339144364848355,0x723b030ea11dc3bf01f4cc3ee10a8a1c54d35776,0xfdc770353dc0bfce80a17ab8a6a2e7d80590f1ba,easy_2_stake,6.403216498,2022-10-04 11:18:59+00:00
1355,1355,15725725,0x123ed390bfa0d58c49ef9d4088a5c86dedbb0a2c6e63da395fcd5018f2e70497,1665501635,50.104808077,0.8632793878280454,0x723b030ea11dc3bf01f4cc3ee10a8a1c54d35776,0xfdc770353dc0bfce80a17ab8a6a2e7d80590f1ba,easy_2_stake,5.165039472857312,2022-10-11 15:20:35+00:00
1371,1371,15769645,0x0e84d3a13b3ddcd01b0907c681d87913d762cd32c7be52659c8de5d5a7d21065,1666031675,59.620946466,1.0319102790496653,0x723b030ea11dc3bf01f4cc3ee10a8a1c54d35776,0xfdc770353dc0bfce80a17ab8a6a2e7d80590f1ba,easy_2_stake,5.524678072,2022-10-17 18:34:35+00:00
1387,1387,15782883,0x17fead9aeb43a2df467eb8b7d530c8ce8151b397a0d4eaa0b25f6ff9355c98c5,1666191311,65.0,1.07150212,0x723b030ea11dc3bf01f4cc3ee10a8a1c54d35776,0xfdc770353dc0bfce80a17ab8a6a2e7d80590f1ba,easy_2_stake,0.30253995,2022-10-19 14:55:11+00:00
1403,1403,15819142,0x7abf819d5b3e708bc53f5566ab7c9e136c957aedc2e38cd4246f52a2d02578ea,1666628879,70.816900251,1.2318435503452867,0x723b030ea11dc3bf01f4cc3ee10a8a1c54d35776,0xfdc770353dc0bfce80a17ab8a6a2e7d80590f1ba,easy_2_stake,2.210375975950281,2022-10-24 16:27:59+00:00
1419,1419,15870336,0xf2e510a8ce3a9616a1a954d910f51b874118389bf7ae9cce19ce3fc63df65221,1667246987,49.56853593,0.884748054286531,0x723b030ea11dc3bf01f4cc3ee10a8a1c54d35776,0xfdc770353dc0bfce80a17ab8a6a2e7d80590f1ba,easy_2_stake,8.362986645485604,2022-10-31 20:09:47+00:00
1435,1435,15919867,0x1fd18d520921a73ddb7e487ce040b08e3af74c5e26c5bb2072a20394b519c126,1667844839,37.974630643,0.6714288368047927,0x723b030ea11dc3bf01f4cc3ee10a8a1c54d35776,0xfdc770353dc0bfce80a17ab8a6a2e7d80590f1ba,easy_2_stake,8.899215411300952,2022-11-07 18:13:59+00:00
1451,1451,15970780,0x514ec897c8360704ba53bbb94a452679dca35ad3ada524c78bc48fe1c7e14ae5,1668459095,41.193002872,0.7311440823657885,0x723b030ea11dc3bf01f4cc3ee10a8a1c54d35776,0xfdc770353dc0bfce80a17ab8a6a2e7d80590f1ba,easy_2_stake,15.948359587338729,2022-11-14 20:51:35+00:00
1467,1467,16020751,0xf8d0136998d351866e126154a0e54f31062c23371ba78cb7e7909b67a12971bb,1669062215,29.099299861,0.5199331661321107,0x723b030ea11dc3bf01f4cc3ee10a8a1c54d35776,0xfdc770353dc0bfce80a17ab8a6a2e7d80590f1ba,easy_2_stake,3.523747510386513,2022-11-21 20:23:35+00:00
1483,1483,16070311,0x9ad382080f4c65295586142940c8c2b673cd9fa93d451be2d92e22c14d7e83a8,1669660499,30.0,0.52843497,0x723b030ea11dc3bf01f4cc3ee10a8a1c54d35776,0xfdc770353dc0bfce80a17ab8a6a2e7d80590f1ba,easy_2_stake,8.454510102985918,2022-11-28 18:34:59+00:00
1499,1499,16120642,0x2068c3a5e8ed1409b4f110209f7eaf90164b62d5a263ae6652f7e2fb23fdd7f5,1670268143,53.365787455,0.9493479542755624,0x723b030ea11dc3bf01f4cc3ee10a8a1c54d35776,0xfdc770353dc0bfce80a17ab8a6a2e7d80590f1ba,easy_2_stake,10.053127759488918,2022-12-05 19:22:23+00:00
1515,1515,16170306,0x0fb41cc605fdc9389a557d43c24343f8aaadf1a21101dc35f94f8dba2625a6fb,1670868443,55.724906575,0.9803883980652486,0x723b030ea11dc3bf01f4cc3ee10a8a1c54d35776,0xfdc770353dc0bfce80a17ab8a6a2e7d80590f1ba,easy_2_stake,6.441147557874224,2022-12-12 18:07:23+00:00
1531,1531,16221430,0xf846414228d5c59f771e07a900d12b4d646f614e5cf8585936018099026e9f6f,1671485327,100.0,1.7724961,0x723b030ea11dc3bf01f4cc3ee10a8a1c54d35776,0xfdc770353dc0bfce80a17ab8a6a2e7d80590f1ba,easy_2_stake,9.3266721079709,2022-12-19 21:28:47+00:00
1547,1547,16247970,0x1af4b4237c8b718fac8ff6fed6e131835bc93fe5e8fb9e769ddc831d85d0133e,1671805115,100.0,1.7237761,0x723b030ea11dc3bf01f4cc3ee10a8a1c54d35776,0xfdc770353dc0bfce80a17ab8a6a2e7d80590f1ba,easy_2_stake,1.315173616,2022-12-23 14:18:35+00:00
1563,1563,16321125,0xf69d45b616149a7e71bb5fa36b21237d9a5bdf185185688367e0be0f78159535,1672687067,50.0,0.88806805,0x723b030ea11dc3bf01f4cc3ee10a8a1c54d35776,0xfdc770353dc0bfce80a17ab8a6a2e7d80590f1ba,easy_2_stake,10.83505096627035,2023-01-02 19:17:47+00:00
1579,1579,16377546,0x6bd2c92adeb25f7841cf9edb668c8eb40b1ddc80ad4b5ca052411b59ca00876e,1673367419,30.0,0.53267283,0x723b030ea11dc3bf01f4cc3ee10a8a1c54d35776,0xfdc770353dc0bfce80a17ab8a6a2e7d80590f1ba,easy_2_stake,3.707145626,2023-01-10 16:16:59+00:00
1595,1595,16427545,0x92789c54b9c3591b35819c29a2509ff16789e3d54e21d0c73d393310b5d7f1a6,1673970827,52.0,0.932285172,0x723b030ea11dc3bf01f4cc3ee10a8a1c54d35776,0xfdc770353dc0bfce80a17ab8a6a2e7d80590f1ba,easy_2_stake,8.973528096864024,2023-01-17 15:53:47+00:00
1611,1611,16471502,0x548404011f1137ff27122d283f2f4c94cdb7dc129fe59882e1d4cb893a87d168,1674500963,35.927507094,0.6374483214811888,0x723b030ea11dc3bf01f4cc3ee10a8a1c54d35776,0xfdc770353dc0bfce80a17ab8a6a2e7d80590f1ba,easy_2_stake,8.223945981432763,2023-01-23 19:09:23+00:00
1627,1627,16499282,0x1a507e9193503f0a97a6c0e43d8c1ff59bc62b6f951af3cddaa5842d18f2dc59,1674836159,78.39112268,1.3762052314901976,0x723b030ea11dc3bf01f4cc3ee10a8a1c54d35776,0xfdc770353dc0bfce80a17ab8a6a2e7d80590f1ba,easy_2_stake,4.703895738309371,2023-01-27 16:15:59+00:00
1643,1643,16578530,0xa48053e41812df563b7060505cfd8407785887fa2b36baa855a28bbc9c4bc1ca,1675792535,53.307976867,0.9561014342317208,0x723b030ea11dc3bf01f4cc3ee10a8a1c54d35776,0xfdc770353dc0bfce80a17ab8a6a2e7d80590f1ba,easy_2_stake,12.865029634068277,2023-02-07 17:55:35+00:00
1659,1659,16622054,0x8842913308a8ea2c66f032d2a62d36666b0dfc9a998a916bec07d625b74a75b8,1676318099,28.738889597,0.5088493135211125,0x723b030ea11dc3bf01f4cc3ee10a8a1c54d35776,0xfdc770353dc0bfce80a17ab8a6a2e7d80590f1ba,easy_2_stake,17.560530453580053,2023-02-13 19:54:59+00:00
1675,1675,16677774,0xe2b1647313a776c6ba7f406b2bcc2a10c84201a08ad512580aa1ba62b77cf72b,1676993339,46.130304689,0.822722405421838,0x723b030ea11dc3bf01f4cc3ee10a8a1c54d35776,0xfdc770353dc0bfce80a17ab8a6a2e7d80590f1ba,easy_2_stake,23.6989553252284,2023-02-21 15:28:59+00:00
1691,1691,16726929,0x6f239f907fcc5ddd6e0df89a03a56ef25ca812dd944c13c0cfc3b95d86223bbd,1677590603,32.644975516,0.5774879519842887,0x723b030ea11dc3bf01f4cc3ee10a8a1c54d35776,0xfdc770353dc0bfce80a17ab8a6a2e7d80590f1ba,easy_2_stake,15.333910045184888,2023-02-28 13:23:23+00:00
1707,1707,16770720,0xf98e3c407ac092497184d27c46dd64b30a91d0ee10631c49d3bb774fa321ec59,1678122767,72.683898194,1.2745422459656424,0x723b030ea11dc3bf01f4cc3ee10a8a1c54d35776,0xfdc770353dc0bfce80a17ab8a6a2e7d80590f1ba,easy_2_stake,7.18887941761179,2023-03-06 17:12:47+00:00
1723,1723,16821395,0x0a7be008123a5b90b2f9e07f4d432efbeb8c9a13b9e06b8baa87f022448b61ea,1678738727,30.700095904,0.5490822979776614,0x723b030ea11dc3bf01f4cc3ee10a8a1c54d35776,0xfdc770353dc0bfce80a17ab8a6a2e7d80590f1ba,easy_2_stake,22.765521444199084,2023-03-13 20:18:47+00:00
1739,1739,16870466,0x85a21a8a241aeff3335a106be4c95cf717eb38371ee72ea559fa26b8ae95af31,1679334455,29.902044057,0.5316921027412004,0x723b030ea11dc3bf01f4cc3ee10a8a1c54d35776,0xfdc770353dc0bfce80a17ab8a6a2e7d80590f1ba,easy_2_stake,11.785945413731866,2023-03-20 17:47:35+00:00
1755,1755,16925451,0xbf040e67f22aa9e51d85f312cee83954f690b62485002783f55580358b1ecb4e,1680001883,27.166940065,0.4817092122486042,0x723b030ea11dc3bf01f4cc3ee10a8a1c54d35776,0xfdc770353dc0bfce80a17ab8a6a2e7d80590f1ba,easy_2_stake,4.125217025,2023-03-28 11:11:23+00:00
1771,1771,16970176,0x46a3bc22e3287155b6e8db0a83fdeb0c059d087459ab307a7436128cba698932,1680545375,96.906345095,1.7081042837081477,0x723b030ea11dc3bf01f4cc3ee10a8a1c54d35776,0xfdc770353dc0bfce80a17ab8a6a2e7d80590f1ba,easy_2_stake,3.014041554,2023-04-03 18:09:35+00:00
1787,1787,17017970,0x091a2e491f1628e82f0a02b9f318c6007927f915319c022aa3aa1f306beccca1,1681131839,29.521850058,0.518956956010417,0x723b030ea11dc3bf01f4cc3ee10a8a1c54d35776,0xfdc770353dc0bfce80a17ab8a6a2e7d80590f1ba,easy_2_stake,10.709178069308704,2023-04-10 13:03:59+00:00
1803,1803,17066428,0x2f602b8232269226b82563101749279a8dfdf5e213147abf9a67412ce520afc6,1681733687,37.450307903,0.6531154311308345,0x723b030ea11dc3bf01f4cc3ee10a8a1c54d35776,0xfdc770353dc0bfce80a17ab8a6a2e7d80590f1ba,easy_2_stake,13.798698168424336,2023-04-17 12:14:47+00:00
1819,1819,17117406,0xc0528b2f9fbf6c5233fd788a0ea8909ecbbbaad05661d069e2ee73c070704461,1682354579,58.764868852,1.0357305196921558,0x723b030ea11dc3bf01f4cc3ee10a8a1c54d35776,0xfdc770353dc0bfce80a17ab8a6a2e7d80590f1ba,easy_2_stake,17.88277120741814,2023-04-24 16:42:59+00:00
1835,1835,17168461,0x1d76e1860f7fdbbd291b394e8274bb00035c0d3dccd00f0473d8a47cf605e80f,1682974271,77.882112526,1.3599586793398932,0x723b030ea11dc3bf01f4cc3ee10a8a1c54d35776,0xfdc770353dc0bfce80a17ab8a6a2e7d80590f1ba,easy_2_stake,5.754158391850976,2023-05-01 20:51:11+00:00
1851,1851,17217663,0x2a1ce7ec93a522e9f00e1c4f1950e69d257e3bd02ded8989983275f00720bbb5,1683571871,147.137755624,2.563516228486722,0x723b030ea11dc3bf01f4cc3ee10a8a1c54d35776,0xfdc770353dc0bfce80a17ab8a6a2e7d80590f1ba,easy_2_stake,8.541437069586063,2023-05-08 18:51:11+00:00
1867,1867,17266951,0xdf3971d88530bd77cf9f91dfff58182f323913463695f4b75211e4d7ab2f065c,1684175243,75.229021342,1.3284255798169784,0xf4729a2f6c167aa4e28df41d8f8bbaee91cdd174,0xfdc770353dc0bfce80a17ab8a6a2e7d80590f1ba,easy_2_stake,19.14696087141889,2023-05-15 18:27:23+00:00
1883,1883,17321828,0x295c86ff306a5bf39baf29f1a4e3e4e2444b80d52a72a8399e8925f3b021c101,1684843607,64.595265825,1.1337773330704506,0x723b030ea11dc3bf01f4cc3ee10a8a1c54d35776,0xfdc770353dc0bfce80a17ab8a6a2e7d80590f1ba,easy_2_stake,16.39932191338919,2023-05-23 12:06:47+00:00
1899,1899,17373386,0xa91db173ac15a9e93039adb4912ab353823cf0b3fe643747025fc92bd38b10b9,1685469683,61.390178161,0.4441121419219269,0x723b030ea11dc3bf01f4cc3ee10a8a1c54d35776,0xfdc770353dc0bfce80a17ab8a6a2e7d80590f1ba,easy_2_stake,7.91038653847804,2023-05-30 18:01:23+00:00
1915,1915,17421379,0x735f1f9c87c71bd7926cfcc2a775311f7e7b9f358179bd6dbe17fb79a9aaa5a7,1686054155,35.755159412,0.5250847891406066,0x723b030ea11dc3bf01f4cc3ee10a8a1c54d35776,0xfdc770353dc0bfce80a17ab8a6a2e7d80590f1ba,easy_2_stake,7.565933929891728,2023-06-06 12:22:35+00:00
1931,1931,17471591,0x3ee550b337f8dc726bb91993d9c2359adbaa350c95b502497b8f1585ce21c3eb,1686665603,22.948447695,0.3409130513716328,0x723b030ea11dc3bf01f4cc3ee10a8a1c54d35776,0xfdc770353dc0bfce80a17ab8a6a2e7d80590f1ba,easy_2_stake,30.928987422321786,2023-06-13 14:13:23+00:00
1947,1947,17521408,0x0b5090e92d4acf0e52324311efffe4e482a3ac3fe8d7a0dd168d8bbeb789161e,1687270139,26.210790507,0.3853273736900862,0x723b030ea11dc3bf01f4cc3ee10a8a1c54d35776,0xfdc770353dc0bfce80a17ab8a6a2e7d80590f1ba,easy_2_stake,13.085021772267648,2023-06-20 14:08:59+00:00
1963,1963,17564674,0xcdfae5ec8d3b4806e146b4417f93b93fe61fea6fea0defdd8a6b5cbb7f54c098,1687795559,17.578985568,0.2601672988237855,0x723b030ea11dc3bf01f4cc3ee10a8a1c54d35776,0xfdc770353dc0bfce80a17ab8a6a2e7d80590f1ba,easy_2_stake,18.201999577469007,2023-06-26 16:05:59+00:00
1979,1979,17613751,0xd4b7bfa52f0ee0d2109cb81b0375df4588ab7c461ea7c5a6bb35ee362baa0895,1688391119,28.019860431,0.4134120257640817,0x723b030ea11dc3bf01f4cc3ee10a8a1c54d35776,0xfdc770353dc0bfce80a17ab8a6a2e7d80590f1ba,easy_2_stake,24.760101675118467,2023-07-03 13:31:59+00:00
1995,1995,17670600,0x20842ba24cf6275069a65ce6a070d6b18a88631cbc6d82e0f8bd70cbd211019c,1689081263,31.073396262,0.4595957284225503,0x723b030ea11dc3bf01f4cc3ee10a8a1c54d35776,0xfdc770353dc0bfce80a17ab8a6a2e7d80590f1ba,easy_2_stake,30.89664460399765,2023-07-11 13:14:23+00:00
2011,2011,17714917,0x992d98d9027b666bd9ebb1571242ad0f2a2d42247633c6076eb8a26f0c23045c,1689620375,39.378846457,0.5804758573687314,0x723b030ea11dc3bf01f4cc3ee10a8a1c54d35776,0xfdc770353dc0bfce80a17ab8a6a2e7d80590f1ba,easy_2_stake,21.43890785894224,2023-07-17 18:59:35+00:00
2034,2034,17753607,0x4abc5c08cacb801abe716c358fbbb3b5f3475e82ff75b64a7b7307cd5067d07e,1690088603,15.108079152,0.1675431739952644,0x326377a6b92ec69acbbfe2de1eb1d7c9008e4c89,0xfdc770353dc0bfce80a17ab8a6a2e7d80590f1ba,easy_2_stake,31.623336527718408,2023-07-23 05:03:23+00:00
2042,2042,17764853,0x45564385d7b8c4ba64433c66c4634c9eddd93098829ff80e1c185b313c31ef33,1690224563,47.737963175,0.6760523361861455,0x723b030ea11dc3bf01f4cc3ee10a8a1c54d35776,0xfdc770353dc0bfce80a17ab8a6a2e7d80590f1ba,easy_2_stake,4.308132389926992,2023-07-24 18:49:23+00:00
2057,2057,17814965,0xf98045aa69685ecf8089e7f9c6f7c05786222d4f5724396f52fb44622b28b77e,1690830311,33.461309734,0.4818313829403612,0x723b030ea11dc3bf01f4cc3ee10a8a1c54d35776,0xfdc770353dc0bfce80a17ab8a6a2e7d80590f1ba,easy_2_stake,8.691938461415246,2023-07-31 19:05:11+00:00
2072,2072,17841839,0xbad54b4e1aa5fcc5d7bed9b3fb013fc5d8b04a97bb128cd3b969c749aebb2cdc,1691154731,25.250989897,0.3565909441868484,0xa1a2851d339ad08a82811638fc6789148c80a428,0xfdc770353dc0bfce80a17ab8a6a2e7d80590f1ba,easy_2_stake,13.806419840666356,2023-08-04 13:12:11+00:00
2095,2095,17864220,0x747f3100d857ff09892041ed5b389665086d19bc64208104507bd59904ee1fc5,1691425415,61.386968462,0.9952659374829106,0x326377a6b92ec69acbbfe2de1eb1d7c9008e4c89,0xfdc770353dc0bfce80a17ab8a6a2e7d80590f1ba,easy_2_stake,4.427228692269915,2023-08-07 16:23:35+00:00
2102,2102,17914613,0x3e08416cf27015e44cf0230fd6e0db39aa6643b49e96993f016f8cb64bdb1a37,1692034499,43.306963439,0.6498050494396495,0xa1a2851d339ad08a82811638fc6789148c80a428,0xfdc770353dc0bfce80a17ab8a6a2e7d80590f1ba,easy_2_stake,7.866119887586174,2023-08-14 17:34:59+00:00
